Resolution,L2Error
16,0.000000e+00
32,6.696296e-02
64,1.627707e-01
128,2.635318e-01
256,4.731101e-01
512,3.919233e-01
1024,7.183250e-01
2048,3.329294e-01
