GridSize,TotalTime
16,0.015118
32,0.014174
64,0.014725
128,0.015494
256,0.020440
512,0.042407
1024,0.150814
2048,0.539744
