Precision,TimePerStep,FinalNorm
float32,0.267272,2.695951e+02
float64,0.277940,2.695951e+02
