Grid,Backend,TimeSeconds
16,jit,0.012890
32,jit,0.013100
64,jit,0.012701
128,jit,0.014219
256,jit,0.020142
512,jit,0.042666
1024,jit,0.145002
2048,jit,0.554752
