Grid,AvgStepTime,FinalStep,FinalTime
16,0.014078,1000,14.31204
32,0.015132,1000,6.92467
64,0.017704,1000,3.15909
128,0.016850,1000,1.47223
256,0.023444,1000,0.72225
512,0.044507,1000,0.38736
1024,0.154167,1000,0.20597
2048,0.560984,1000,0.10720
